Gniezno,62-000,Poland,Greater Poland,Greater Poland,Powiat gnieÅºnieÅski,Gniezno
Gniezno,62-000,Poland,Greater Poland,Greater Poland,Powiat gnieÅºnieÅski,Gniezno
Gniezno,62-000,Poland,Greater Poland,Greater Poland,Powiat gnieÅºnieÅski,Gniezno
Gniezno,62-000,Poland,Greater Poland,Greater Poland,Powiat gnieÅºnieÅski,Gniezno
Gniezno,62-000,Poland,Greater Poland,Greater Poland,Powiat gnieÅºnieÅski,Gniezno
Gniezno,62-000,Poland,Greater Poland,Greater Poland,Powiat gnieÅºnieÅski,Gniezno
Gniezno,62-000,Poland,Greater Poland,Greater Poland,Powiat gnieÅºnieÅski,Gniezno
Gniezno,62-000,Poland,Greater Poland,Greater Poland,Powiat gnieÅºnieÅski,Gniezno
Gniezno,62-000,Poland,Greater Poland,Greater Poland,Powiat gnieÅºnieÅski,Gniezno
Gniezno,62-000,Poland,Greater Poland,Greater Poland,Powiat gnieÅºnieÅski,Gniezno
Gniezno,62-000,Poland,Greater Poland,Greater Poland,Powiat gnieÅºnieÅski,Gniezno
Gniezno,62-000,Poland,Greater Poland,Greater Poland,Powiat gnieÅºnieÅski,Gniezno
Gniezno,62-000,Poland,Greater Poland,Greater Poland,Powiat gnieÅºnieÅski,Gniezno
Gniezno,62-000,Poland,Greater Poland,Greater Poland,Powiat gnieÅºnieÅski,Gniezno
Gniezno,62-000,Poland,Greater Poland,Greater Poland,Powiat gnieÅºnieÅski,Gniezno
Gniezno,62-000,Poland,Greater Poland,Greater Poland,Powiat gnieÅºnieÅski,Gniezno
Gniezno,62-000,Poland,Greater Poland,Greater Poland,Powiat gnieÅºnieÅski,Gniezno
Gniezno,62-000,Poland,Greater Poland,Greater Poland,Powiat gnieÅºnieÅski,Gniezno
Gniezno,62-000,Poland,Greater Poland,Greater Poland,Powiat gnieÅºnieÅski,Gniezno
Gniezno,62-000,Poland,Greater Poland,Greater Poland,Powiat gnieÅºnieÅski,Gniezno
Gniezno,62-000,Poland,Greater Poland,Greater Poland,Powiat gnieÅºnieÅski,Gniezno
Gniezno,62-000,Poland,Greater Poland,Greater Poland,Powiat gnieÅºnieÅski,Gniezno
Gniezno,62-000,Poland,Greater Poland,Greater Poland,Powiat gnieÅºnieÅski,Gniezno
Gniezno,62-000,Poland,Greater Poland,Greater Poland,Powiat gnieÅºnieÅski,Gniezno
Gniezno,62-000,Poland,Greater Poland,Greater Poland,Powiat gnieÅºnieÅski,Gniezno
Gniezno,62-000,Poland,Greater Poland,Greater Poland,Powiat gnieÅºnieÅski,Gniezno
Gniezno,62-000,Poland,Greater Poland,Greater Poland,Powiat gnieÅºnieÅski,Gniezno
Gniezno,62-000,Poland,Greater Poland,Greater Poland,Powiat gnieÅºnieÅski,Gniezno
Gniezno,62-000,Poland,Greater Poland,Greater Poland,Powiat gnieÅºnieÅski,Gniezno
Gniezno,62-000,Poland,Greater Poland,Greater Poland,Powiat gnieÅºnieÅski,Gniezno
Gniezno,62-000,Poland,Greater Poland,Greater Poland,Powiat gnieÅºnieÅski,Gniezno
Gniezno,62-000,Poland,Greater Poland,Greater Poland,Powiat gnieÅºnieÅski,Gniezno
Gniezno,62-000,Poland,Greater Poland,Greater Poland,Powiat gnieÅºnieÅski,Gniezno
Gniezno,62-000,Poland,Greater Poland,Greater Poland,Powiat gnieÅºnieÅski,Gniezno
Gniezno,62-000,Poland,Greater Poland,Greater Poland,Powiat gnieÅºnieÅski,Gniezno
Gniezno,62-000,Poland,Greater Poland,Greater Poland,Powiat gnieÅºnieÅski,Gniezno
Gniezno,62-000,Poland,Greater Poland,Greater Poland,Powiat gnieÅºnieÅski,Gniezno
Gniezno,62-000,Poland,Greater Poland,Greater Poland,Powiat gnieÅºnieÅski,Gniezno
Gniezno,62-000,Poland,Greater Poland,Greater Poland,Powiat gnieÅºnieÅski,Gniezno
Gniezno,62-000,Poland,Greater Poland,Greater Poland,Powiat gnieÅºnieÅski,Gniezno
Gniezno,62-000,Poland,Greater Poland,Greater Poland,Powiat gnieÅºnieÅski,Gniezno
Gniezno,62-000,Poland,Greater Poland,Greater Poland,Powiat gnieÅºnieÅski,Gniezno
Gniezno,62-000,Poland,Greater Poland,Greater Poland,Powiat gnieÅºnieÅski,Gniezno
Gniezno,62-000,Poland,Greater Poland,Greater Poland,Powiat gnieÅºnieÅski,Gniezno
Gniezno,62-000,Poland,Greater Poland,Greater Poland,Powiat gnieÅºnieÅski,Gniezno
Gniezno,62-000,Poland,Greater Poland,Greater Poland,Powiat gnieÅºnieÅski,Gniezno
Gniezno,62-000,Poland,Greater Poland,Greater Poland,Powiat gnieÅºnieÅski,Gniezno
Gniezno,62-000,Poland,Greater Poland,Greater Poland,Powiat gnieÅºnieÅski,Gniezno
Gniezno,62-000,Poland,Greater Poland,Greater Poland,Powiat gnieÅºnieÅski,Gniezno
Gniezno,62-000,Poland,Greater Poland,Greater Poland,Powiat gnieÅºnieÅski,Gniezno
Gniezno,62-000,Poland,Greater Poland,Greater Poland,Powiat gnieÅºnieÅski,Gniezno
Gniezno,62-000,Poland,Greater Poland,Greater Poland,Powiat gnieÅºnieÅski,Gniezno
Gniezno,62-000,Poland,Greater Poland,Greater Poland,Powiat gnieÅºnieÅski,Gniezno
Gniezno,62-000,Poland,Greater Poland,Greater Poland,Powiat gnieÅºnieÅski,Gniezno
Chludowo,62-001,Poland,Greater Poland,Greater Poland,Powiat poznaÅski,Gmina Suchy Las
Suchy Las,62-002,Poland,Greater Poland,Greater Poland,Powiat poznaÅski,Gmina Suchy Las
Biedrusko,62-003,Poland,Greater Poland,Greater Poland,Powiat poznaÅski,Gmina Suchy Las
Czerwonak,62-004,Poland,Greater Poland,Greater Poland,Powiat poznaÅski,Gmina Czerwonak
Promnice,62-005,Poland,Greater Poland,Greater Poland,Powiat poznaÅski,Gmina Czerwonak
Gruszczyn,62-006,Poland,Greater Poland,Greater Poland,Powiat poznaÅski,Gmina SwarzÄdz
Biskupice,62-007,Poland,Greater Poland,Greater Poland,Powiat poznaÅski,Gmina Pobiedziska
Pobiedziska,62-010,Poland,Greater Poland,Greater Poland,Powiat poznaÅski,Gmina Pobiedziska
Zalasewo,62-020,Poland,Greater Poland,Greater Poland,Powiat poznaÅski,Gmina SwarzÄdz
Paczkowo,62-021,Poland,Greater Poland,Greater Poland,Powiat poznaÅski,Gmina SwarzÄdz
Rogalinek,62-022,Poland,Greater Poland,Greater Poland,Powiat poznaÅski,Gmina Mosina
Kamionki,62-023,Poland,Greater Poland,Greater Poland,Powiat poznaÅski,Gmina KÃ³rnik
Kostrzyn,62-025,Poland,Greater Poland,Greater Poland,Powiat poznaÅski,Kostrzyn
KoziegÅowy,62-028,Poland,Greater Poland,Greater Poland,Powiat poznaÅski,Gmina Czerwonak
LuboÅ,62-030,Poland,Greater Poland,Greater Poland,Powiat poznaÅski,LuboÅ
CzmoÅ,62-035,Poland,Greater Poland,Greater Poland,Powiat poznaÅski,Gmina KÃ³rnik
Puszczykowo,62-040,Poland,Greater Poland,Greater Poland,Powiat poznaÅski,Puszczykowo
Pniewy,62-045,Poland,Greater Poland,Greater Poland,Powiat szamotulski,Pniewy
Mosina,62-050,Poland,Greater Poland,Greater Poland,Powiat poznaÅski,Gmina Mosina
Wiry,62-051,Poland,Greater Poland,Greater Poland,Powiat poznaÅski,Komorniki
Komorniki,62-052,Poland,Greater Poland,Greater Poland,Powiat poznaÅski,Komorniki
Pecna,62-053,Poland,Greater Poland,Greater Poland,Powiat poznaÅski,Gmina Mosina
StÄszew,62-060,Poland,Greater Poland,Greater Poland,Powiat poznaÅski,Gmina StÄszew
